{
    "js/sylphian/map/form-geolocation-fetcher.js": "281039aa62cdad8c779256d428f512281338acc36fefb92d1782193c5245d0dc",
    "js/sylphian/map/form-geolocation-fetcher.min.js": "c24c31cc9595f2105eea3cacfe0de68e6894e3bde8f5c0839528d9ad5aa5e542",
    "js/sylphian/map/leaflet/images/layers-2x.png": "c8f093e357984b7555954c64c7e8acda75e0efd1937c964f558a7c0daa5c7445",
    "js/sylphian/map/leaflet/images/layers.png": "17b7a9568cb08e000356f1b39ee4b371d09eee4e6245a6b26d78ebe7596d414f",
    "js/sylphian/map/leaflet/images/markers-shadow.png": "3ef890e8e2b9e986021f96a38ae734ca5e65d14747237e895dcd81eb8e5fa0cb",
    "js/sylphian/map/leaflet/images/markers-shadow@2x.png": "e10202f827283942431ce6c6a203d114cfb1c79c7018480984591650a58de515",
    "js/sylphian/map/leaflet/images/markers-soft.png": "1c4a0ea7c4997f0f4b29eab3ec8bf9864662251aae0b997dd0719bc7218b5f51",
    "js/sylphian/map/leaflet/images/markers-soft@2x.png": "3e6edfec8b0c1b0b60892ac3aea05aba57c3947a914dd59bde0ea4dec02a521c",
    "js/sylphian/map/leaflet/leaflet-src.esm.js": "365aa819cf7b96247057aa48b800bdb061e199a014bf7a5c5ce4ddb8a75f0e4a",
    "js/sylphian/map/leaflet/leaflet-src.esm.js.map": "971637e327b53dfb2894543ca53b04b65801278b56ee96a708146c9b7e4735bb",
    "js/sylphian/map/leaflet/leaflet-src.js": "f3220c0dae3cef687e9276cacf0b0cf1fa6fe58343e3aa3278beba2769430782",
    "js/sylphian/map/leaflet/leaflet-src.js.map": "97b701c5dff0e9864e5c458a8b15c2ec33787a326c5de77b908f9ea13be2d56a",
    "js/sylphian/map/leaflet/leaflet-src.min.js": "43c6f2612ea7f453b809a4c3d7117bde7d1683e19977020be8fb965e5543d82f",
    "js/sylphian/map/leaflet/leaflet.awesome-markers.js": "34a6e904592d37341479cada675cb7231778d6e89950abc02a98cd3e0ae93566",
    "js/sylphian/map/leaflet/leaflet.awesome-markers.min.js": "28b993b5e840990c2517bbfef5c7bccf31328a1190274a20abfec974b246bc51",
    "js/sylphian/map/leaflet/leaflet.js": "85d455b4522415f6badc42a0e7d17c919d100347d6b8958bd0dc738fdecd6d50",
    "js/sylphian/map/leaflet/leaflet.js.map": "600a10dc5cd110de0699510d322afcbe01c7ca90b4c5f48adc20314c70aac753",
    "js/sylphian/map/leaflet/leaflet.min.js": "c979c51c69294366bbe263d88b8225cd0d42259c78786b9d9040ebad595f36ee",
    "js/sylphian/map/suggestion-process.js": "b1e998a9c23d48f9d418baffdb9243f04f4b6312cbb609455e7e9a3584c8c1e0",
    "js/sylphian/map/suggestion-process.min.js": "39e068efa1f6138877538b93ae4f908398fe46b95849908ced526869b89c6c8c",
    "src/addons/Sylphian/Map/addon.json": "7f3c1a86eba9beb1bbb5c3302cafd388e4b23fa8f4afa96246ac674f9ad75ecf",
    "src/addons/Sylphian/Map/Entity/MapMarker.php": "c5b651c2c72a9956388d1a2816527f66ac5fc3ac008b3d4ed851ff5cb373ea4d",
    "src/addons/Sylphian/Map/Entity/MapMarkerSuggestion.php": "24a02de20c848f9d96d8e15a4d81c1f674d5df9ac3b766f5f92be6283b1787e2",
    "src/addons/Sylphian/Map/Option/LatAndLng.php": "d57fd0ae27c87f8816c5cdbd9cc62eb0376b724a0179283a77f0628efdb92977",
    "src/addons/Sylphian/Map/Pub/Controller/Map.php": "1ebf10aef075846bb33c5b9eb76139f5322ca02e58b28b8969cbce0da84339a4",
    "src/addons/Sylphian/Map/Repository/MapMarkerRepository.php": "5672851b18553a7903d9429ff557d8f775f5270f1d6d72a126607b880af087f5",
    "src/addons/Sylphian/Map/Repository/MapMarkerSuggestionRepository.php": "95f20c2447157bcbefc59b6195714c1fbaa45b1c18d19b8498b204b03e0c5439",
    "src/addons/Sylphian/Map/Setup.php": "7e216821b35e5605ac2cdce3127c5e024ccb96fc11734f4c7cf617903371b9bb",
    "src/addons/Sylphian/Map/_data/activity_summary_definitions.xml": "99d8c2563a31320d66f958fc8bda78613545f5f7959bb3cf5318805e3a3c39d2",
    "src/addons/Sylphian/Map/_data/admin_navigation.xml": "064ec797484ac00d5ee37367b50b06846d11f480d00550997712707f8fdac8c0",
    "src/addons/Sylphian/Map/_data/admin_permission.xml": "ec6fb97cebf0bceb24f1ed1d5778c1db54eeb7535fbb3e31d824840e7aa9ff87",
    "src/addons/Sylphian/Map/_data/advertising_positions.xml": "d2f7cbe844bb1df3cf878d22ff6306249245c8ff6b0b87b9b729744bec538261",
    "src/addons/Sylphian/Map/_data/api_scopes.xml": "6793eaf758f140e8137187ba20e65f4faccf53410433ae3ad7a8b3b38cb6b3b7",
    "src/addons/Sylphian/Map/_data/bb_codes.xml": "faa4ddd5f4a365e5ac39aebdcbe2d25aedf74e7eb9ea4a812766e2fd5e13bdb1",
    "src/addons/Sylphian/Map/_data/bb_code_media_sites.xml": "29762987990187b33e43cfb68c08dc917b2d3f0176613d78f8e6c453f82da3f3",
    "src/addons/Sylphian/Map/_data/class_extensions.xml": "1f548b8006e9952a3f5889f71e09fdfa6726ac1a47c1af7b2626d1a88920d5a4",
    "src/addons/Sylphian/Map/_data/code_events.xml": "8370dec3df47f91df4cf79da253446ad11b29f4ea568fe76c774e97a0379f0eb",
    "src/addons/Sylphian/Map/_data/code_event_listeners.xml": "d6b5072f4909dee7a20ee9e44b163f95c8aa52e6ac7f573e292000cd9238c331",
    "src/addons/Sylphian/Map/_data/content_type_fields.xml": "c7ad5472b28f465b7ac7617627707eba1b7a39d28089460d52e1ed292fc0b06a",
    "src/addons/Sylphian/Map/_data/cron.xml": "323c4284742ef24329cd6db6f288eb9736d2353f36852e1db12591e1583aea26",
    "src/addons/Sylphian/Map/_data/help_pages.xml": "a8a0c0b06cdc550438bc8a8d385af3e1e5ab3459877dfb934c1c31be59c89163",
    "src/addons/Sylphian/Map/_data/member_stats.xml": "89fb2b93ff1eca7a1f6f752248edf6090dfd24037db1446fd18ff7143f08124d",
    "src/addons/Sylphian/Map/_data/navigation.xml": "8acd91fd62d863d80617dc47d8bea1ca8d217ee8bb608e55f9a3ff72a2388797",
    "src/addons/Sylphian/Map/_data/options.xml": "85d3d9a19f96a5f533173c03f4788632a843ba2e477480c12e56f1d2695e2a70",
    "src/addons/Sylphian/Map/_data/option_groups.xml": "edd4c07ded34383f057a0f567195da75ef5698709159bf7a285dd5ddca02a85d",
    "src/addons/Sylphian/Map/_data/permissions.xml": "2bbf1d8cd915ae7b9abaa2eb66e49cbb879da245c19aa6e97eb38f9ee0df6ff7",
    "src/addons/Sylphian/Map/_data/permission_interface_groups.xml": "3177224e96458b829aa7fb24866dda9e0455a4922aee3d669b53f59a1ffdf5d1",
    "src/addons/Sylphian/Map/_data/phrases.xml": "62df1ffc98360b7164b341fc8813857887c8908e597c109116ef43e8cfdf871f",
    "src/addons/Sylphian/Map/_data/routes.xml": "aaaf4f6ef716c2c913df48b0337eae27bb419135be90f7dbfed02651f6c9e148",
    "src/addons/Sylphian/Map/_data/style_properties.xml": "8b8690a8512f01f219dd2da76e3d0c5f62afc1f317b87794a7331c859c36a7a8",
    "src/addons/Sylphian/Map/_data/style_property_groups.xml": "68e1879cb3846c42d978487aa8d5145ff3335fc39e58016878824d5cf3fd684c",
    "src/addons/Sylphian/Map/_data/templates.xml": "93a772d9c41649ecbf5b328cc4484a9f68b7f364e5eb54f11df958f0ea554190",
    "src/addons/Sylphian/Map/_data/template_modifications.xml": "3b54b7df00a6a4a18c5e012b6e2588e35c23aaa13a5fc227f08646a97590d778",
    "src/addons/Sylphian/Map/_data/widget_definitions.xml": "37e46965256430f24004c2e7f08ba08f9b0d1cbcc4d70e84b3f4e3ffb713e64b",
    "src/addons/Sylphian/Map/_data/widget_positions.xml": "a29cee66134f6bc5d75ed9df1eef21096c24401915c5b5c774389c3d7bb2d5b3"
}